supplier,nhs_number,report_id,lab_identifiers,source_status,source_issued,source_conclusion,conclusion_retained,source_specimen_refs,isolated_conversion,full_bundle_conversion,generated_caption,structured_components,rows_exceeding_four_columns,source_text_fields_missing_from_output
EMIS,9730333939,8D21F8F1-674F-4AB1-BFC9-B98FA4E0FCE7,57589320E20844E59170ED3BAA13A4688D21F8F1674F4AB1BFC9B98FA4E0FCE7 | 1-59338288280003,unknown,2003-06-18T08:00:00+01:00,"Clinical Details:
NOTE:Specimen date",False,Specimen/8D21F8F1-674F-4AB1-BFC9-B98FA4E0FCE7-SPEC-0,converted,passed,Diagnostic Report 2003-06-18 08:00:00+01:00,15,15,
EMIS,9730333939,5274130D-4FE7-4EE6-B463-B59E86F34811,57589320E20844E59170ED3BAA13A4685274130D4FE74EE6B463B59E86F34811 | 1013/MI2101127S/202303301621,unknown,2023-06-24T00:00:00+01:00,Otitis media,False,Specimen/5274130D-4FE7-4EE6-B463-B59E86F34811-SPEC-0,converted,passed,Diagnostic Report 2023-06-24 00:00:00+01:00,0,0,
EMIS,9730333939,EEC7C3E9-0780-43BB-926E-B97D45EFDD60,57589320E20844E59170ED3BAA13A468EEC7C3E9078043BB926EB97D45EFDD60 | 1013/CH2101129U/202303301621,unknown,2023-06-24T00:00:00+01:00,,,Specimen/EEC7C3E9-0780-43BB-926E-B97D45EFDD60-SPEC-0,converted,passed,Diagnostic Report 2023-06-24 00:00:00+01:00,0,0,
EMIS,9730333939,B3453B4C-ACF6-40AB-B4FB-D8B736A2C7CA,57589320E20844E59170ED3BAA13A468B3453B4CACF640ABB4FBD8B736A2C7CA | 1013/HA2101103U/202303301621,unknown,2023-06-24T00:00:00+01:00,ON WARFARIN,False,Specimen/B3453B4C-ACF6-40AB-B4FB-D8B736A2C7CA-SPEC-0,converted,passed,International normalised ratio 2023-06-24 00:00:00+01:00,1,0,525BE8CB-BB88-4173-9D23-018DD43E2027.comment | 525BE8CB-BB88-4173-9D23-018DD43E2027.valueString
EMIS,9730333939,3F23D00A-5DC8-49B8-8FEF-0C4BD4D3B4D0,57589320E20844E59170ED3BAA13A4683F23D00A5DC849B88FEF0C4BD4D3B4D0 | 1013/HA2101105W/202303301621,unknown,2023-06-24T00:00:00+01:00,ON AZATHIOPRINE,False,Specimen/3F23D00A-5DC8-49B8-8FEF-0C4BD4D3B4D0-SPEC-0,converted,passed,Diagnostic Report 2023-06-24 00:00:00+01:00,0,0,
EMIS,9730333939,42A5C03B-13BB-41E9-873E-9CF3DA2DE04E,57589320E20844E59170ED3BAA13A46842A5C03B13BB41E9873E9CF3DA2DE04E | 1013/HA2101111C/202303301621,unknown,2023-06-24T00:00:00+01:00,,,Specimen/42A5C03B-13BB-41E9-873E-9CF3DA2DE04E-SPEC-0,converted,passed,Diagnostic Report 2023-06-24 00:00:00+01:00,1,1,
EMIS,9730333939,5A8B9936-B771-488E-9103-3331629690C4,57589320E20844E59170ED3BAA13A4685A8B9936B771488E91033331629690C4 | 1013/HA2101109A/202303301621,unknown,2023-06-24T00:00:00+01:00,,,Specimen/5A8B9936-B771-488E-9103-3331629690C4-SPEC-0,converted,passed,Diagnostic Report 2023-06-24 00:00:00+01:00,2,2,
EMIS,9730333939,56E56C3D-E9C1-42E2-ABFE-B06E04B1ADA2,57589320E20844E59170ED3BAA13A46856E56C3DE9C142E2ABFEB06E04B1ADA2 | 1013/CH2101113E/202303301621,unknown,2023-06-24T00:00:00+01:00,,,Specimen/56E56C3D-E9C1-42E2-ABFE-B06E04B1ADA2-SPEC-0,converted,passed,Diagnostic Report 2023-06-24 00:00:00+01:00,1,1,
EMIS,9730333939,BE7FAA19-6674-4700-BD30-E638C9E31948,57589320E20844E59170ED3BAA13A468BE7FAA1966744700BD30E638C9E31948 | 1007/CH1401101K/202303301611,unknown,2024-01-20T00:00:00+00:00,ON MEDICATION,False,Specimen/BE7FAA19-6674-4700-BD30-E638C9E31948-SPEC-0,converted,passed,Diagnostic Report 2024-01-20 00:00:00+00:00,0,0,
EMIS,9730333939,461839A4-9B28-46D4-BC27-297C46F4F80E,57589320E20844E59170ED3BAA13A468461839A49B2846D4BC27297C46F4F80E | 1019/HA3701201C/202303301627,unknown,2024-01-20T00:00:00+00:00,COELIAC,False,Specimen/461839A4-9B28-46D4-BC27-297C46F4F80E-SPEC-0,converted,passed,Diagnostic Report 2024-01-20 00:00:00+00:00,0,0,
EMIS,9730333939,9F5631B5-67BE-4A36-9E4C-8A28742239FE,57589320E20844E59170ED3BAA13A4689F5631B567BE4A369E4C8A28742239FE | 3060261772-020603173610-1,unknown,2024-01-20T00:00:00+00:00,,,Specimen/9F5631B5-67BE-4A36-9E4C-8A28742239FE-SPEC-0 | Specimen/9F5631B5-67BE-4A36-9E4C-8A28742239FE-SPEC-1 | Specimen/9F5631B5-67BE-4A36-9E4C-8A28742239FE-SPEC-2,converted,passed,Diagnostic Report 2024-01-20 00:00:00+00:00,23,23,
EMIS,9730333939,BCF44D34-EDC9-4310-BEB4-E45E1441957B,57589320E20844E59170ED3BAA13A468BCF44D34EDC94310BEB4E45E1441957B | 1-59338288280003,unknown,2024-01-20T00:00:00+00:00,"Clinical Details:
NOTE:Specimen date",False,Specimen/BCF44D34-EDC9-4310-BEB4-E45E1441957B-SPEC-0,converted,passed,Diagnostic Report 2024-01-20 00:00:00+00:00,15,15,05E6D1C6-9B66-4D02-8FC3-C5CF3CC0EB1C-COMM.comment
EMIS,9730333939,23E01304-867A-4645-BDF8-035FEB2C7A41,57589320E20844E59170ED3BAA13A46823E01304867A4645BDF8035FEB2C7A41 | C3179539H_030628_112331_0,unknown,2024-01-20T00:00:00+00:00,,,Specimen/23E01304-867A-4645-BDF8-035FEB2C7A41-SPEC-0,converted,passed,Liver function test 2024-01-20 00:00:00+00:00,8,8,36DA8895-114B-40D6-9FA1-82B543D86893-COMM.comment | 59F968AD-21F1-4B97-96DE-D1AE22091132-COMM.comment
EMIS,9730333939,026A2649-A6C3-41DE-8AFB-2C7E605A33EA,57589320E20844E59170ED3BAA13A468026A2649A6C341DE8AFB2C7E605A33EA | C3182555N_030701_124007_0,unknown,2024-01-20T00:00:00+00:00,None given,False,Specimen/026A2649-A6C3-41DE-8AFB-2C7E605A33EA-SPEC-0,converted,passed,Diagnostic Report 2024-01-20 00:00:00+00:00,2,2,
EMIS,9730333939,0FE006F6-40FA-44EE-BB56-9FF8C354CBB0,57589320E20844E59170ED3BAA13A4680FE006F640FA44EEBB569FF8C354CBB0 | 2-59956572020000,unknown,2024-01-20T00:00:00+00:00,,,Specimen/0FE006F6-40FA-44EE-BB56-9FF8C354CBB0-SPEC-0,converted,passed,Diagnostic Report 2024-01-20 00:00:00+00:00,13,13,
EMIS,9730333939,96B3D07D-39C1-43A7-A3E8-91214B66CC68,"57589320E20844E59170ED3BAA13A46896B3D07D39C143A7A3E891214B66CC68 | CHL0321310503160601N,05.0050728001",unknown,2024-01-20T00:00:00+00:00,No clinical details given,False,Specimen/96B3D07D-39C1-43A7-A3E8-91214B66CC68-SPEC-0,converted,passed,Urea and electrolytes 2024-01-20 00:00:00+00:00,6,6,
EMIS,9730333939,34AAAAFC-8550-4152-9CDA-624D5AB6C13C,"57589320E20844E59170ED3BAA13A46834AAAAFC855041529CDA624D5AB6C13C | CHM0100950302121100G,03.0999008001",unknown,2024-01-20T00:00:00+00:00,,,Specimen/34AAAAFC-8550-4152-9CDA-624D5AB6C13C-SPEC-0,converted,passed,Diagnostic Report 2024-01-20 00:00:00+00:00,0,0,
EMIS,9730333939,2BC45D08-3F3E-4939-A1CD-72E13FA08DD4,"57589320E20844E59170ED3BAA13A4682BC45D083F3E4939A1CD72E13FA08DD4 | CHM0100950302121100G,03.0999008001",unknown,2024-01-20T00:00:00+00:00,,,Specimen/2BC45D08-3F3E-4939-A1CD-72E13FA08DD4-SPEC-0,converted,passed,Glucose tolerance test 2024-01-20 00:00:00+00:00,4,4,F15C600B-7482-4D0E-938E-78279096DB18.comment
EMIS,9730333939,D5B1FA6D-C0BE-457D-AEC9-1CC38FD13C00,"57589320E20844E59170ED3BAA13A468D5B1FA6DC0BE457DAEC91CC38FD13C00 | CHM0100950302121100G,03.0999008001",unknown,2024-01-20T00:00:00+00:00,,,Specimen/D5B1FA6D-C0BE-457D-AEC9-1CC38FD13C00-SPEC-0,converted,passed,Glucose tolerance test 2024-01-20 00:00:00+00:00,4,4,1834153D-6DB1-43FB-BE4E-8F53C62882FE.comment
EMIS,9730333939,E7D45D09-D343-4CDA-AC8F-942324C8B402,"57589320E20844E59170ED3BAA13A468E7D45D09D3434CDAAC8F942324C8B402 | CHL1020170307041006H,03.9110541001",unknown,2024-01-20T00:00:00+00:00,Infection,False,Specimen/E7D45D09-D343-4CDA-AC8F-942324C8B402-SPEC-0,converted,passed,Diagnostic Report 2024-01-20 00:00:00+00:00,3,3,
EMIS,9465700088,7E5D5E50-D1CE-41FE-B30D-45D287174031,"DAED5527198545D9993EC5FF51F368287E5D5E50D1CE41FEB30D45D287174031 | CHM0100950302121100G,03.0999008001",unknown,2003-02-21T11:50:00+00:00,,,Specimen/7E5D5E50-D1CE-41FE-B30D-45D287174031-SPEC-0,converted,passed,Glucose tolerance test 2003-02-21 11:50:00+00:00,4,4,AECAE968-5021-43FB-BBFB-7A6170615CEF.comment
EMIS,9465700088,647CAB98-BC85-44AA-B2D7-ADD216CB305E,DAED5527198545D9993EC5FF51F36828647CAB98BC8544AAB2D7ADD216CB305E | 3060261772-020603173610-1,unknown,2003-06-02T17:52:00+01:00,,,Specimen/647CAB98-BC85-44AA-B2D7-ADD216CB305E-SPEC-0 | Specimen/647CAB98-BC85-44AA-B2D7-ADD216CB305E-SPEC-1 | Specimen/647CAB98-BC85-44AA-B2D7-ADD216CB305E-SPEC-2,converted,passed,Diagnostic Report 2003-06-02 17:52:00+01:00,23,23,
EMIS,9465700088,3CBB1678-E234-459A-94EE-C434B53C66A5,DAED5527198545D9993EC5FF51F368283CBB1678E234459A94EEC434B53C66A5 | 1-59338288280003,unknown,2003-06-18T08:00:00+01:00,"Clinical Details:
NOTE: Specimen date",False,Specimen/3CBB1678-E234-459A-94EE-C434B53C66A5-SPEC-0,converted,passed,Urea and electrolytes 2003-06-18 08:00:00+01:00,7,7,1F07AB68-3D15-4DB0-A41D-3BD8BB4CCAD8.comment | F4C150E1-1039-4060-BDB8-484C8A2B59E0-COMM.comment | 1F8BC8CF-CE00-48F0-BCFB-6AC45CC263D6.comment | 0597C4EA-68D7-4890-B6C5-8E346925AD73-COMM.comment | F8545C74-96E1-4B87-9E23-D8B383E97744-COMM.comment | F423A4B6-26C7-4B57-9E49-FCB85DFDE999-COMM.comment
EMIS,9465700088,BC86D330-26F7-408E-8D60-3CC3CEAD9804,DAED5527198545D9993EC5FF51F36828BC86D33026F7408E8D603CC3CEAD9804 | 15/CH000039M/200010191704,unknown,2010-02-25T15:41:00+00:00,ON WARFARIN,False,Specimen/BC86D330-26F7-408E-8D60-3CC3CEAD9804-SPEC-0,converted,passed,International normalised ratio 2010-02-25 15:41:00+00:00,1,0,2F114350-80CF-4096-8DCA-4DFEEFC7B3D3.comment | 2F114350-80CF-4096-8DCA-4DFEEFC7B3D3.valueString
EMIS,9465700088,44AFEDA4-5D4C-4D08-AA22-DB53806437FB,DAED5527198545D9993EC5FF51F3682844AFEDA45D4C4D08AA22DB53806437FB | 15/CH000041O/200010191704,unknown,2010-02-25T15:41:00+00:00,ON AZATHIOPRINE,False,Specimen/44AFEDA4-5D4C-4D08-AA22-DB53806437FB-SPEC-0,converted,passed,Full blood count - FBC 2010-02-25 15:41:00+00:00,13,13,
EMIS,9465700088,C5710CB2-7350-4C32-873F-85F6B2E21822,DAED5527198545D9993EC5FF51F36828C5710CB273504C32873F85F6B2E21822 | 15/CH000046T/200010191704,unknown,2010-02-25T15:41:00+00:00,ON WARFARIN,False,Specimen/C5710CB2-7350-4C32-873F-85F6B2E21822-SPEC-0,converted,passed,Diagnostic Report 2010-02-25 15:41:00+00:00,1,1,
EMIS,9465700088,FA8D137E-BBAE-4FF6-8018-80506C48C75B,DAED5527198545D9993EC5FF51F36828FA8D137EBBAE4FF6801880506C48C75B | 15/CH000057E/200010191704,unknown,2010-02-25T15:41:00+00:00,ON MEDICATION,False,Specimen/FA8D137E-BBAE-4FF6-8018-80506C48C75B-SPEC-0,converted,passed,Diagnostic Report 2010-02-25 15:41:00+00:00,9,9,
EMIS,9465700088,3D1AC525-783A-49A3-98D3-A0BA0A7CAB45,DAED5527198545D9993EC5FF51F368283D1AC525783A49A398D3A0BA0A7CAB45 | 15/CH000044R/200010191704,unknown,2010-02-25T15:41:00+00:00,,,Specimen/3D1AC525-783A-49A3-98D3-A0BA0A7CAB45-SPEC-0,converted,passed,Full blood count - FBC 2010-02-25 15:41:00+00:00,13,13,3C1800D4-2DBF-4D7D-9873-CDAFAACF1A85.comment
EMIS,9465700088,A9C12E65-C25E-44BC-9A37-3A663A94E997,DAED5527198545D9993EC5FF51F36828A9C12E65C25E44BC9A373A663A94E997 | 15/CH000050X/200010191704,unknown,2010-02-25T15:41:00+00:00,FLU LIKE ILLNESS,False,Specimen/A9C12E65-C25E-44BC-9A37-3A663A94E997-SPEC-0,converted,passed,Diagnostic Report 2010-02-25 15:41:00+00:00,16,16,
EMIS,9465700088,28D6CB47-E348-4614-A8C8-3428A923B02B,DAED5527198545D9993EC5FF51F3682828D6CB47E3484614A8C83428A923B02B | 15/CH000051Y/200010191704,unknown,2010-02-25T15:41:00+00:00,JAUNDICE  ?OBSTRUCTIVE,False,Specimen/28D6CB47-E348-4614-A8C8-3428A923B02B-SPEC-0,converted,passed,Diagnostic Report 2010-02-25 15:41:00+00:00,12,12,B2456724-49E5-4F69-8C44-463696E93F11-COMM.comment | 5F8935EC-305F-4B4A-81E6-69C67AE9F64C-COMM.comment
EMIS,9465700088,F17B6807-B0B2-49F7-BF22-CEA00CF43192,DAED5527198545D9993EC5FF51F36828F17B6807B0B249F7BF22CEA00CF43192 | 15/CH000053A/200010191704,unknown,2010-02-25T15:41:00+00:00,,,Specimen/F17B6807-B0B2-49F7-BF22-CEA00CF43192-SPEC-0,converted,passed,RAST test 2010-02-25 15:41:00+00:00,2,1,ADD954F7-CEFA-446D-B254-1CF99CA0DCC1.comment
EMIS,9465700088,2C118038-B7C5-4522-9DE7-8E701E6F0D6F,DAED5527198545D9993EC5FF51F368282C118038B7C545229DE78E701E6F0D6F | 15/CH000054B/200010191704,unknown,2010-02-25T15:41:00+00:00,,,Specimen/2C118038-B7C5-4522-9DE7-8E701E6F0D6F-SPEC-0,converted,passed,RAST test 2010-02-25 15:41:00+00:00,2,1,F73AC555-DD87-4D83-9FF2-35B10C0E897E.comment
EMIS,9465700088,96B93E28-293D-46E7-B4C2-D477EEBF7098,DAED5527198545D9993EC5FF51F3682896B93E28293D46E7B4C2D477EEBF7098 | 15/CH000056D/200010191704,unknown,2010-02-25T15:41:00+00:00,,,Specimen/96B93E28-293D-46E7-B4C2-D477EEBF7098-SPEC-0 | Specimen/96B93E28-293D-46E7-B4C2-D477EEBF7098-SPEC-1 | Specimen/96B93E28-293D-46E7-B4C2-D477EEBF7098-SPEC-2,converted,passed,Diagnostic Report 2010-02-25 15:41:00+00:00,3,3,
EMIS,9465700088,16009260-16A5-4A8C-8ED9-FFB101696E6A,DAED5527198545D9993EC5FF51F368281600926016A54A8C8ED9FFB101696E6A | 15/CH000058F/200010191704,unknown,2010-02-25T15:41:00+00:00,,,Specimen/16009260-16A5-4A8C-8ED9-FFB101696E6A-SPEC-0,converted,passed,Full blood count - FBC 2010-02-25 15:41:00+00:00,13,13,
EMIS,9465700088,EEB34DD8-B080-4602-89E7-ED8B678079F1,DAED5527198545D9993EC5FF51F36828EEB34DD8B080460289E7ED8B678079F1 | 15/CH000063K/200010191704,unknown,2010-02-25T15:41:00+00:00,Otitis media,False,Specimen/EEB34DD8-B080-4602-89E7-ED8B678079F1-SPEC-0,converted,passed,"Microscopy, culture and sensitivities 2010-02-25 15:41:00+00:00",1,0,0BDD0472-91C2-4ED1-81CC-640476125063.comment
EMIS,9465700088,C96827F9-429B-42BC-8D0A-B8955BEE574F,DAED5527198545D9993EC5FF51F36828C96827F9429B42BC8D0AB8955BEE574F | 15/CH000064L/200010191704,unknown,2010-02-25T15:41:00+00:00,DIABETIC,False,Specimen/C96827F9-429B-42BC-8D0A-B8955BEE574F-SPEC-0,converted,passed,Glucose tolerance test 2010-02-25 15:41:00+00:00,1,0,D0130ABF-5CB9-42A4-8B7B-FB5786C48500.comment
EMIS,9465700088,4DB96890-CAF7-4049-B157-140BCEC431C9,DAED5527198545D9993EC5FF51F368284DB96890CAF74049B157140BCEC431C9 | 15/CH000065M/200010191704,unknown,2010-02-25T15:41:00+00:00,,,Specimen/4DB96890-CAF7-4049-B157-140BCEC431C9-SPEC-0,converted,passed,Diagnostic Report 2010-02-25 15:41:00+00:00,1,1,
EMIS,9465700088,BB09C206-F49C-41C4-8A76-EF74C80EA28F,DAED5527198545D9993EC5FF51F36828BB09C206F49C41C48A76EF74C80EA28F | 15/CH000037K/200010191704,unknown,2010-02-25T15:41:00+00:00,"TIRED ALL THE TIME, LOW Hb",False,Specimen/BB09C206-F49C-41C4-8A76-EF74C80EA28F-SPEC-0,converted,passed,Diagnostic Report 2010-02-25 15:41:00+00:00,1,1,
EMIS,9465700088,1A2718E6-609D-4516-8B4C-EB553A343AC5,DAED5527198545D9993EC5FF51F368281A2718E6609D45168B4CEB553A343AC5 | 15/CH000055C/200010191704,unknown,2010-02-25T15:41:00+00:00,,,Specimen/1A2718E6-609D-4516-8B4C-EB553A343AC5-SPEC-0,converted,passed,Calculus analysis 2010-02-25 15:41:00+00:00,1,0,24315772-4263-4A5C-A5A4-BC1DF7B11A67.comment
EMIS,9465700088,9CE48391-C1AF-4759-8C8B-E29BB3658BC3,DAED5527198545D9993EC5FF51F368289CE48391C1AF47598C8BE29BB3658BC3 | 15/CH000043Q/200010191704,unknown,2010-02-25T15:41:00+00:00,GASTRIC ULCER DECLINE,False,Specimen/9CE48391-C1AF-4759-8C8B-E29BB3658BC3-SPEC-0,converted,passed,Full blood count - FBC 2010-02-25 15:41:00+00:00,14,14,5D6518D7-0201-440E-8600-02D8B7EC2A3F.comment
EMIS,9465700088,FED52853-9788-4886-80FD-753BF7A08147,DAED5527198545D9993EC5FF51F36828FED528539788488680FD753BF7A08147 | 15/CH000047U/200010191704,unknown,2010-02-25T15:41:00+00:00,,,Specimen/FED52853-9788-4886-80FD-753BF7A08147-SPEC-0,converted,passed,Diagnostic Report 2010-02-25 15:41:00+00:00,1,1,71CB96DB-F5FB-4384-BF9D-0612432A91DC-COMM.comment
EMIS,9465700088,8166795D-2332-45A4-B1C2-679E2DFD450B,DAED5527198545D9993EC5FF51F368288166795D233245A4B1C2679E2DFD450B | 15/CH000061I/200010191704,unknown,2010-02-25T15:41:00+00:00,High Blood Sugar.,False,Specimen/8166795D-2332-45A4-B1C2-679E2DFD450B-SPEC-0,converted,passed,Diagnostic Report 2010-02-25 15:41:00+00:00,1,1,D3D5BEA2-BE9D-4B10-93F3-BB1ACE4B9220-COMM.comment
EMIS,9465700088,FFD35409-719C-4473-A4F5-1508F46C4754,DAED5527198545D9993EC5FF51F36828FFD35409719C4473A4F51508F46C4754 | 15/CH000062J/200010191704,unknown,2010-02-25T15:41:00+00:00,HIGH BLOOD SUGAR,False,Specimen/FFD35409-719C-4473-A4F5-1508F46C4754-SPEC-0,converted,passed,Diagnostic Report 2010-02-25 15:41:00+00:00,1,1,
EMIS,9465700088,5B483CB3-E1B9-4DC6-B64A-2A341F11DBF4,DAED5527198545D9993EC5FF51F368285B483CB3E1B94DC6B64A2A341F11DBF4 | 15/CH000038L/200010191704,unknown,2010-02-25T15:41:00+00:00,PAINS HANDS AND FEET.,False,Specimen/5B483CB3-E1B9-4DC6-B64A-2A341F11DBF4-SPEC-0,converted,passed,R.A. latex test 2010-02-25 15:41:00+00:00,1,0,B38B1C61-FA46-4F60-AD42-79B8654BACF4.comment
EMIS,9465700088,6AB8EBC4-C370-434D-85CD-0ACEBE37F8A9,DAED5527198545D9993EC5FF51F368286AB8EBC4C370434D85CD0ACEBE37F8A9 | 15/CH000052Z/200010191704,unknown,2010-02-25T15:41:00+00:00,,,Specimen/6AB8EBC4-C370-434D-85CD-0ACEBE37F8A9-SPEC-0,converted,passed,Clotting screening test 2010-02-25 15:41:00+00:00,2,2,
EMIS,9465700088,BA6BC43B-D276-4A99-83C7-C79FF77C2135,DAED5527198545D9993EC5FF51F36828BA6BC43BD2764A9983C7C79FF77C2135 | 15/CH000040N/200010191704,unknown,2010-02-25T15:41:00+00:00,COELIAC,False,Specimen/BA6BC43B-D276-4A99-83C7-C79FF77C2135-SPEC-0,converted,passed,Diagnostic Report 2010-02-25 15:41:00+00:00,1,1,
EMIS,9465700088,877282EC-B718-44DA-B691-791A55286FBC,DAED5527198545D9993EC5FF51F36828877282ECB71844DAB691791A55286FBC | 15/CH000060H/200010191704,unknown,2010-02-25T15:41:00+00:00,,,Specimen/877282EC-B718-44DA-B691-791A55286FBC-SPEC-0,converted,passed,Full blood count - FBC 2010-02-25 15:41:00+00:00,18,18,
EMIS,9465700088,F4D0D3F9-9E4F-4907-8C90-B34821CC0311,DAED5527198545D9993EC5FF51F36828F4D0D3F99E4F49078C90B34821CC0311 | 15/CH000042P/200010191704,unknown,2010-02-25T15:41:00+00:00,ANTE NATAL,False,Specimen/F4D0D3F9-9E4F-4907-8C90-B34821CC0311-SPEC-0,converted,passed,Full blood count - FBC 2010-02-25 15:41:00+00:00,18,18,
EMIS,9465700088,4A8BA3C1-3C19-4EF8-8326-49ACB2064C71,DAED5527198545D9993EC5FF51F368284A8BA3C13C194EF8832649ACB2064C71 | 15/CH000045S/200010191704,unknown,2010-02-25T15:41:00+00:00,,,Specimen/4A8BA3C1-3C19-4EF8-8326-49ACB2064C71-SPEC-0,converted,passed,Diagnostic Report 2010-02-25 15:41:00+00:00,2,2,
EMIS,9465700088,74BB77FB-9B5A-41C5-8AF4-B6D59DE08D1E,DAED5527198545D9993EC5FF51F3682874BB77FB9B5A41C58AF4B6D59DE08D1E | 15/CH000048V/200010191704,unknown,2010-02-25T15:41:00+00:00,,,Specimen/74BB77FB-9B5A-41C5-8AF4-B6D59DE08D1E-SPEC-0,converted,passed,Diagnostic Report 2010-02-25 15:41:00+00:00,1,1,
EMIS,9465700088,2723501E-0803-4D02-BDD2-F943CFDBEDC3,DAED5527198545D9993EC5FF51F368282723501E08034D02BDD2F943CFDBEDC3 | 15/CH000049W/200010191704,unknown,2010-02-25T15:41:00+00:00,,,Specimen/2723501E-0803-4D02-BDD2-F943CFDBEDC3-SPEC-0,converted,passed,Diagnostic Report 2010-02-25 15:41:00+00:00,1,1,
EMIS,9465700088,442BBFF6-0C50-4006-928F-CBB9772309B5,DAED5527198545D9993EC5FF51F36828442BBFF60C504006928FCBB9772309B5 | 15/CH000059G/200010191704,unknown,2010-02-25T15:41:00+00:00,,,Specimen/442BBFF6-0C50-4006-928F-CBB9772309B5-SPEC-0,converted,passed,Full blood count - FBC 2010-02-25 15:41:00+00:00,13,13,
EMIS,9465700088,8958190A-3F13-4501-9F45-0D78A0C7F551,DAED5527198545D9993EC5FF51F368288958190A3F1345019F450D78A0C7F551 | 2-59956572020000,unknown,2011-02-20T15:53:00+00:00,,,Specimen/8958190A-3F13-4501-9F45-0D78A0C7F551-SPEC-0,converted,passed,Diagnostic Report 2011-02-20 15:53:00+00:00,13,13,
EMIS,9465700088,8952519F-E54F-4939-9E1E-3BAB1914FD18,DAED5527198545D9993EC5FF51F368288952519FE54F49399E1E3BAB1914FD18 | 84272256,unknown,2012-07-26T13:46:00+01:00,,,,converted,passed,Diagnostic Report 2012-07-26 13:46:00+01:00,1,1,FE4B1ADC-1E71-4577-952D-99DC7E1C918B-COMM.comment
TPP,9692136744,c200000000000000_7237000000000000,c200000000000000_7237000000000000,final,2023-03-30T00:00:00+01:00,,,,converted,passed,Diagnostic Report 2023-03-30 00:00:00+01:00,2,2,
TPP,9692136744,c200000000000000_6237000000000000,c200000000000000_6237000000000000,final,2023-03-30T00:00:00+01:00,,,,converted,passed,Glucose tolerance test 2023-03-30 00:00:00+01:00,1,0,5000000000000000_aab6b41000000000.comment
TPP,9692136744,c200000000000000_4237000000000000,c200000000000000_4237000000000000,final,2024-01-20T10:46:00+00:00,,,,converted,passed,Urea and electrolytes level 2024-01-20 10:46:00+00:00,11,10,
TPP,9692136744,c200000000000000_f237000000000000,c200000000000000_f237000000000000,final,2023-03-30T16:21:00+01:00,,,,converted,passed,Serum oestradiol level 2023-03-30 16:21:00+01:00,1,0,5000000000000000_c3c6b41000000000.comment
TPP,9692136744,c200000000000000_e237000000000000,c200000000000000_e237000000000000,final,2023-03-30T00:00:00+01:00,,,,converted,passed,Serum paracetamol level 2023-03-30 00:00:00+01:00,1,0,5000000000000000_e3c6b41000000000.comment
TPP,9692136744,c200000000000000_d237000000000000,c200000000000000_d237000000000000,final,2023-03-30T00:00:00+01:00,,,,converted,passed,Diagnostic Report 2023-03-30 00:00:00+01:00,19,19,
TPP,9692136744,c200000000000000_c237000000000000,c200000000000000_c237000000000000,final,2023-03-30T00:00:00+01:00,,,,converted,passed,Diagnostic Report 2023-03-30 00:00:00+01:00,3,3,
TPP,9692136744,c200000000000000_b237000000000000,c200000000000000_b237000000000000,final,2023-03-30T16:21:00+01:00,,,,converted,passed,Diagnostic Report 2023-03-30 16:21:00+01:00,3,3,
TPP,9692136744,c200000000000000_a237000000000000,c200000000000000_a237000000000000,final,2023-03-30T09:21:00+01:00,,,,converted,passed,Diagnostic Report 2023-03-30 09:21:00+01:00,14,14,
TPP,9692136744,c200000000000000_9237000000000000,c200000000000000_9237000000000000,final,2023-03-30T09:21:00+01:00,,,,converted,passed,24 hour urine protein output 2023-03-30 09:21:00+01:00,1,0,5000000000000000_3ab6b41000000000.comment
TPP,9692136744,c200000000000000_8237000000000000,c200000000000000_8237000000000000,final,2023-03-30T09:21:00+01:00,,,,converted,passed,Calculus analysis 2023-03-30 09:21:00+01:00,1,0,5000000000000000_5ab6b41000000000.comment
TPP,9692136744,c200000000000000_1337000000000000,c200000000000000_1337000000000000,final,2023-02-04T12:03:00+00:00,,,,converted,passed,Diagnostic Report 2023-02-04 12:03:00+00:00,1,1,
TPP,9692136744,c200000000000000_0337000000000000,c200000000000000_0337000000000000,final,2023-03-30T16:21:00+01:00,,,,converted,passed,Serum ACTH (adrenocorticotrophic hormone) level 2023-03-30 16:21:00+01:00,1,0,5000000000000000_a3c6b41000000000.comment
TPP,9692136744,c200000000000000_f337000000000000,c200000000000000_f337000000000000,final,2023-06-24T11:34:00+01:00,,,,converted,passed,Diagnostic Report 2023-06-24 11:34:00+01:00,2,2,
TPP,9692136744,c200000000000000_e337000000000000,c200000000000000_e337000000000000,final,2023-06-24T11:34:00+01:00,,,,converted,passed,24 hour urine protein output 2023-06-24 11:34:00+01:00,1,0,5000000000000000_38b6b41000000000.comment
TPP,9692136744,c200000000000000_d337000000000000,c200000000000000_d337000000000000,final,2023-06-24T11:34:00+01:00,,,,converted,passed,Diagnostic Report 2023-06-24 11:34:00+01:00,1,1,
TPP,9692136744,c200000000000000_c337000000000000,c200000000000000_c337000000000000,final,2023-06-24T11:34:00+01:00,,,,converted,passed,Diagnostic Report 2023-06-24 11:34:00+01:00,2,2,
TPP,9692136744,c200000000000000_b337000000000000,c200000000000000_b337000000000000,final,2023-06-24T11:34:00+01:00,,,,converted,passed,Diagnostic Report 2023-06-24 11:34:00+01:00,0,0,
TPP,9692136744,c200000000000000_a337000000000000,c200000000000000_a337000000000000,final,2023-06-24T11:34:00+01:00,,,,converted,passed,Diagnostic Report 2023-06-24 11:34:00+01:00,1,1,
TPP,9692136744,c200000000000000_9337000000000000,c200000000000000_9337000000000000,final,2024-01-20T10:46:00+00:00,,,,converted,passed,Diagnostic Report 2024-01-20 10:46:00+00:00,1,1,
TPP,9692136744,c200000000000000_8337000000000000,c200000000000000_8337000000000000,final,2024-01-20T10:46:00+00:00,,,,converted,passed,Diagnostic Report 2024-01-20 10:46:00+00:00,1,1,
TPP,9692136744,c200000000000000_7437000000000000,c200000000000000_7437000000000000,final,2024-01-20T10:46:00+00:00,,,,converted,passed,Diagnostic Report 2024-01-20 10:46:00+00:00,16,16,
TPP,9692136744,c200000000000000_6437000000000000,c200000000000000_6437000000000000,final,2024-01-20T10:46:00+00:00,,,,converted,passed,FBC - full blood count 2024-01-20 10:46:00+00:00,13,12,5000000000000000_9ca6b41000000000.comment
TPP,9692136744,c200000000000000_5437000000000000,c200000000000000_5437000000000000,final,2024-01-20T10:46:00+00:00,,,,converted,passed,Diagnostic Report 2024-01-20 10:46:00+00:00,1,1,
TPP,9692136744,c200000000000000_4437000000000000,c200000000000000_4437000000000000,final,2024-01-20T10:46:00+00:00,,,,converted,passed,Diagnostic Report 2024-01-20 10:46:00+00:00,9,9,
TPP,9692136744,c200000000000000_3437000000000000,c200000000000000_3437000000000000,final,2024-01-20T16:27:00+00:00,,,,converted,passed,Glucose tolerance test 2024-01-20 16:27:00+00:00,5,4,5000000000000000_aba6b41000000000.comment
TPP,9692136744,c200000000000000_2437000000000000,c200000000000000_2437000000000000,final,2024-01-20T16:27:00+00:00,,,,converted,passed,Glucose tolerance test 2024-01-20 16:27:00+00:00,5,4,5000000000000000_5ba6b41000000000.comment
TPP,9692136744,c200000000000000_0437000000000000,c200000000000000_0437000000000000,final,2023-06-24T11:34:00+01:00,,,,converted,passed,Diagnostic Report 2023-06-24 11:34:00+01:00,1,1,
TPP,9692136744,c200000000000000_b437000000000000,c200000000000000_b437000000000000,final,2024-01-20T10:46:00+00:00,,,,converted,passed,Diagnostic Report 2024-01-20 10:46:00+00:00,13,13,
TPP,9692136744,c200000000000000_a437000000000000,c200000000000000_a437000000000000,final,2024-01-20T16:27:00+00:00,,,,converted,passed,Diagnostic Report 2024-01-20 16:27:00+00:00,19,19,
TPP,9692136744,c200000000000000_9437000000000000,c200000000000000_9437000000000000,final,2024-01-20T10:46:00+00:00,,,,converted,passed,Diagnostic Report 2024-01-20 10:46:00+00:00,3,3,
TPP,9692136744,c200000000000000_8437000000000000,c200000000000000_8437000000000000,final,2024-01-20T10:46:00+00:00,,,,converted,passed,Diagnostic Report 2024-01-20 10:46:00+00:00,9,9,
TPP,9465699896,c200000000000000_6847000000000000,c200000000000000_6847000000000000,final,2002-03-30T16:23:00+00:00,,,Specimen/b200000000000000_7200000000000000_1,converted,blocked_by_fhir_parse,"Microscopy, culture and sensitivities 2002-03-30 16:23:00+00:00",1,1,5000000000000000_9d0f451000000000.comment | 5000000000000000_7d0f451000000000.comment | 5000000000000000_8d0f451000000000.comment
TPP,9465699896,c200000000000000_3e8c000000000000,c200000000000000_3e8c000000000000,final,2002-03-30T16:21:00+00:00,,,Specimen/b200000000000000_5200000000000000_1,converted,blocked_by_fhir_parse,Diagnostic Report 2002-03-30 16:21:00+00:00,2,2,
TPP,9465699896,c200000000000000_2e8c000000000000,c200000000000000_2e8c000000000000,final,2026-03-04T16:21:00+00:00,,,Specimen/b200000000000000_3200000000000000_1,resource_parse_failed,blocked_by_fhir_parse,,,,
TPP,9465699896,c200000000000000_1e8c000000000000,c200000000000000_1e8c000000000000,final,2002-03-30T16:21:00+00:00,,,Specimen/b200000000000000_3200000000000000_2,resource_parse_failed,blocked_by_fhir_parse,,,,
TPP,9465699896,c200000000000000_0e8c000000000000,c200000000000000_0e8c000000000000,final,2002-03-30T16:21:00+00:00,,,Specimen/b200000000000000_3200000000000000_3,resource_parse_failed,blocked_by_fhir_parse,,,,
